<?xml version="1.0" encoding="UTF-8"?>
<GenRun Id="impl_1" LaunchPart="xc7a100tcsg324-1" LaunchTime="1701729720">
  <File Type="ROUTE-PWR" Name="mcs_top_xadc_sseg_power_routed.rpt"/>
  <File Type="PA-TCL" Name="mcs_top_xadc_sseg.tcl"/>
  <File Type="ROUTE-PWR-SUM" Name="mcs_top_xadc_sseg_power_summary_routed.pb"/>
  <File Type="REPORTS-TCL" Name="mcs_top_xadc_sseg_reports.tcl"/>
  <File Type="BITSTR-MSK" Name="mcs_top_xadc_sseg.msk"/>
  <File Type="ROUTE-CLK" Name="mcs_top_xadc_sseg_clock_utilization_routed.rpt"/>
  <File Type="RDI-RDI" Name="mcs_top_xadc_sseg.vdi"/>
  <File Type="BG-BIT" Name="mcs_top_xadc_sseg.bit"/>
  <File Type="BG-DRC" Name="mcs_top_xadc_sseg.drc"/>
  <File Type="BG-BGN" Name="mcs_top_xadc_sseg.bgn"/>
  <File Type="BG-BIN" Name="mcs_top_xadc_sseg.bin"/>
  <File Type="BITSTR-RBT" Name="mcs_top_xadc_sseg.rbt"/>
  <File Type="BITSTR-NKY" Name="mcs_top_xadc_sseg.nky"/>
  <File Type="BITSTR-BMM" Name="mcs_top_xadc_sseg_bd.bmm"/>
  <File Type="BITSTR-MMI" Name="mcs_top_xadc_sseg.mmi"/>
  <File Type="ROUTE-METHODOLOGY-DRC" Name="mcs_top_xadc_sseg_methodology_drc_routed.rpt"/>
  <File Type="BITSTR-SYSDEF" Name="mcs_top_xadc_sseg.sysdef"/>
  <File Type="BITSTR-LTX" Name="debug_nets.ltx"/>
  <File Type="BITSTR-LTX" Name="mcs_top_xadc_sseg.ltx"/>
  <File Type="WBT-USG" Name="usage_statistics_webtalk.html"/>
  <File Type="OPT-DRC" Name="mcs_top_xadc_sseg_drc_opted.rpt"/>
  <File Type="OPT-HWDEF" Name="mcs_top_xadc_sseg.hwdef"/>
  <File Type="PLACE-IO" Name="mcs_top_xadc_sseg_io_placed.rpt"/>
  <File Type="PLACE-UTIL" Name="mcs_top_xadc_sseg_utilization_placed.rpt"/>
  <File Type="PLACE-UTIL-PB" Name="mcs_top_xadc_sseg_utilization_placed.pb"/>
  <File Type="PLACE-CTRL" Name="mcs_top_xadc_sseg_control_sets_placed.rpt"/>
  <File Type="PLACE-PRE-SIMILARITY" Name="mcs_top_xadc_sseg_incremental_reuse_pre_placed.rpt"/>
  <File Type="ROUTE-DRC" Name="mcs_top_xadc_sseg_drc_routed.rpt"/>
  <File Type="ROUTE-DRC-PB" Name="mcs_top_xadc_sseg_drc_routed.pb"/>
  <File Type="ROUTE-PWR-RPX" Name="mcs_top_xadc_sseg_power_routed.rpx"/>
  <File Type="ROUTE-STATUS" Name="mcs_top_xadc_sseg_route_status.rpt"/>
  <File Type="ROUTE-STATUS-PB" Name="mcs_top_xadc_sseg_route_status.pb"/>
  <File Type="ROUTE-DCP" Name="mcs_top_xadc_sseg_routed.dcp"/>
  <File Type="ROUTE-ERROR-DCP" Name="mcs_top_xadc_sseg_routed_error.dcp"/>
  <File Type="ROUTE-BLACKBOX-DCP" Name="mcs_top_xadc_sseg_routed_bb.dcp"/>
  <File Type="ROUTE-TIMINGSUMMARY" Name="mcs_top_xadc_sseg_timing_summary_routed.rpt"/>
  <File Type="ROUTE-TIMING-PB" Name="mcs_top_xadc_sseg_timing_summary_routed.pb"/>
  <File Type="ROUTE-TIMING-RPX" Name="mcs_top_xadc_sseg_timing_summary_routed.rpx"/>
  <File Type="ROUTE-BUS-SKEW" Name="mcs_top_xadc_sseg_bus_skew_routed.rpt"/>
  <File Type="ROUTE-BUS-SKEW-PB" Name="mcs_top_xadc_sseg_bus_skew_routed.pb"/>
  <File Type="ROUTE-BUS-SKEW-RPX" Name="mcs_top_xadc_sseg_bus_skew_routed.rpx"/>
  <File Type="OPT-DCP" Name="mcs_top_xadc_sseg_opt.dcp"/>
  <File Type="PLACE-DCP" Name="mcs_top_xadc_sseg_placed.dcp"/>
  <File Type="PWROPT-DCP" Name="mcs_top_xadc_sseg_pwropt.dcp"/>
  <File Type="POSTPLACE-PWROPT-DCP" Name="mcs_top_xadc_sseg_postplace_pwropt.dcp"/>
  <File Type="PHYSOPT-DCP" Name="mcs_top_xadc_sseg_physopt.dcp"/>
  <File Type="POSTROUTE-PHYSOPT-DCP" Name="mcs_top_xadc_sseg_postroute_physopt.dcp"/>
  <File Type="POSTROUTE-PHYSOPT-BLACKBOX-DCP" Name="mcs_top_xadc_sseg_postroute_physopt_bb.dcp"/>
  <File Type="ROUTE-METHODOLOGY-DRC-PB" Name="mcs_top_xadc_sseg_methodology_drc_routed.pb"/>
  <File Type="ROUTE-DRC-RPX" Name="mcs_top_xadc_sseg_drc_routed.rpx"/>
  <File Type="ROUTE-METHODOLOGY-DRC-RPX" Name="mcs_top_xadc_sseg_methodology_drc_routed.rpx"/>
  <File Type="PDI-FILE" Name="mcs_top_xadc_sseg.pdi"/>
  <File Type="RCFI_FILE" Name="mcs_top_xadc_sseg.rcfi"/>
  <File Type="CFI_FILE" Name="mcs_top_xadc_sseg.cfi"/>
  <File Type="RNPI_FILE" Name="mcs_top_xadc_sseg.rnpi"/>
  <File Type="NPI_FILE" Name="mcs_top_xadc_sseg.npi"/>
  <File Type="RBD_FILE" Name="mcs_top_xadc_sseg.rbd"/>
  <FileSet Name="sources" Type="DesignSrcs" RelSrcDir="$PSRCDIR/sources_1" RelGenDir="$PGENDIR/sources_1">
    <Filter Type="Srcs"/>
    <File Path="$PSRCDIR/sources_1/ip/cpu/cpu.xci">
      <FileInfo>
        <Attr Name="UsedIn" Val="synthesis"/>
        <Attr Name="UsedIn" Val="implementation"/>
        <Attr Name="UsedIn" Val="simulation"/>
      </FileInfo>
    </File>
    <File Path="$PPRDIR/../../Box/SoC/Final XADC/verilog/baud_gen.sv">
      <FileInfo>
        <Attr Name="UsedIn" Val="synthesis"/>
        <Attr Name="UsedIn" Val="implementation"/>
        <Attr Name="UsedIn" Val="simulation"/>
      </FileInfo>
    </File>
    <File Path="$PPRDIR/../../Box/SoC/Final XADC/verilog/chu_gpi.sv">
      <FileInfo>
        <Attr Name="UsedIn" Val="synthesis"/>
        <Attr Name="UsedIn" Val="implementation"/>
        <Attr Name="UsedIn" Val="simulation"/>
      </FileInfo>
    </File>
    <File Path="$PPRDIR/../../Box/SoC/Final XADC/verilog/chu_gpo.sv">
      <FileInfo>
        <Attr Name="UsedIn" Val="synthesis"/>
        <Attr Name="UsedIn" Val="implementation"/>
        <Attr Name="UsedIn" Val="simulation"/>
      </FileInfo>
    </File>
    <File Path="$PPRDIR/../../Box/SoC/Final XADC/verilog/chu_led_mux_core.sv">
      <FileInfo>
        <Attr Name="UsedIn" Val="synthesis"/>
        <Attr Name="UsedIn" Val="implementation"/>
        <Attr Name="UsedIn" Val="simulation"/>
      </FileInfo>
    </File>
    <File Path="$PPRDIR/../../Box/SoC/Final XADC/verilog/chu_mcs_bridge.sv">
      <FileInfo>
        <Attr Name="UsedIn" Val="synthesis"/>
        <Attr Name="UsedIn" Val="implementation"/>
        <Attr Name="UsedIn" Val="simulation"/>
      </FileInfo>
    </File>
    <File Path="$PPRDIR/../../Box/SoC/Final XADC/verilog/chu_mmio_controller.sv">
      <FileInfo>
        <Attr Name="UsedIn" Val="synthesis"/>
        <Attr Name="UsedIn" Val="implementation"/>
        <Attr Name="UsedIn" Val="simulation"/>
      </FileInfo>
    </File>
    <File Path="$PPRDIR/../../Box/SoC/Final XADC/verilog/chu_timer.sv">
      <FileInfo>
        <Attr Name="UsedIn" Val="synthesis"/>
        <Attr Name="UsedIn" Val="implementation"/>
        <Attr Name="UsedIn" Val="simulation"/>
      </FileInfo>
    </File>
    <File Path="$PPRDIR/../../Box/SoC/Final XADC/verilog/chu_uart.sv">
      <FileInfo>
        <Attr Name="UsedIn" Val="synthesis"/>
        <Attr Name="UsedIn" Val="implementation"/>
        <Attr Name="UsedIn" Val="simulation"/>
      </FileInfo>
    </File>
    <File Path="$PPRDIR/../../Box/SoC/Final XADC/verilog/chu_xadc_core.sv">
      <FileInfo>
        <Attr Name="UsedIn" Val="synthesis"/>
        <Attr Name="UsedIn" Val="implementation"/>
        <Attr Name="UsedIn" Val="simulation"/>
      </FileInfo>
    </File>
    <File Path="$PPRDIR/../../Box/SoC/Final XADC/verilog/fifo.sv">
      <FileInfo>
        <Attr Name="UsedIn" Val="synthesis"/>
        <Attr Name="UsedIn" Val="implementation"/>
        <Attr Name="UsedIn" Val="simulation"/>
      </FileInfo>
    </File>
    <File Path="$PPRDIR/../../Box/SoC/Final XADC/verilog/fifo_ctrl.sv">
      <FileInfo>
        <Attr Name="UsedIn" Val="synthesis"/>
        <Attr Name="UsedIn" Val="implementation"/>
        <Attr Name="UsedIn" Val="simulation"/>
      </FileInfo>
    </File>
    <File Path="$PPRDIR/../../Box/SoC/Final XADC/verilog/led_mux8.sv">
      <FileInfo>
        <Attr Name="UsedIn" Val="synthesis"/>
        <Attr Name="UsedIn" Val="implementation"/>
        <Attr Name="UsedIn" Val="simulation"/>
      </FileInfo>
    </File>
    <File Path="$PPRDIR/../../Box/SoC/Final XADC/verilog/chu_io_map.svh">
      <FileInfo>
        <Attr Name="UsedIn" Val="synthesis"/>
        <Attr Name="UsedIn" Val="simulation"/>
        <Attr Name="IsVisible" Val="1"/>
      </FileInfo>
    </File>
    <File Path="$PPRDIR/../../Box/SoC/Final XADC/verilog/mmio_sys_xadc_sseg.sv">
      <FileInfo>
        <Attr Name="UsedIn" Val="synthesis"/>
        <Attr Name="UsedIn" Val="implementation"/>
        <Attr Name="UsedIn" Val="simulation"/>
      </FileInfo>
    </File>
    <File Path="$PPRDIR/../../Box/SoC/Final XADC/verilog/reg_file.sv">
      <FileInfo>
        <Attr Name="UsedIn" Val="synthesis"/>
        <Attr Name="UsedIn" Val="implementation"/>
        <Attr Name="UsedIn" Val="simulation"/>
      </FileInfo>
    </File>
    <File Path="$PPRDIR/../../Box/SoC/Final XADC/verilog/uart.sv">
      <FileInfo>
        <Attr Name="UsedIn" Val="synthesis"/>
        <Attr Name="UsedIn" Val="implementation"/>
        <Attr Name="UsedIn" Val="simulation"/>
      </FileInfo>
    </File>
    <File Path="$PPRDIR/../../Box/SoC/Final XADC/verilog/uart_rx.sv">
      <FileInfo>
        <Attr Name="UsedIn" Val="synthesis"/>
        <Attr Name="UsedIn" Val="implementation"/>
        <Attr Name="UsedIn" Val="simulation"/>
      </FileInfo>
    </File>
    <File Path="$PPRDIR/../../Box/SoC/Final XADC/verilog/uart_tx.sv">
      <FileInfo>
        <Attr Name="UsedIn" Val="synthesis"/>
        <Attr Name="UsedIn" Val="implementation"/>
        <Attr Name="UsedIn" Val="simulation"/>
      </FileInfo>
    </File>
    <File Path="$PPRDIR/../../Box/SoC/Final XADC/verilog/xadc_fpro.sv">
      <FileInfo>
        <Attr Name="UsedIn" Val="synthesis"/>
        <Attr Name="UsedIn" Val="implementation"/>
        <Attr Name="UsedIn" Val="simulation"/>
      </FileInfo>
    </File>
    <File Path="$PPRDIR/../../Box/SoC/Final XADC/verilog/mcs_top_xadc_sseg.sv">
      <FileInfo>
        <Attr Name="UsedIn" Val="synthesis"/>
        <Attr Name="UsedIn" Val="implementation"/>
        <Attr Name="UsedIn" Val="simulation"/>
      </FileInfo>
    </File>
    <File Path="$PPRDIR/../../final_xadc/final_xadc_app/Debug/final_xadc_app.elf">
      <FileInfo>
        <Attr Name="UsedIn" Val="implementation"/>
        <Attr Name="ScopedToRef" Val="cpu"/>
        <Attr Name="ScopedToCell" Val="inst/microblaze_I"/>
        <Attr Name="IsVisible" Val="1"/>
      </FileInfo>
    </File>
    <Config>
      <Option Name="DesignMode" Val="RTL"/>
      <Option Name="TopModule" Val="mcs_top_xadc_sseg"/>
      <Option Name="TopAutoSet" Val="TRUE"/>
    </Config>
  </FileSet>
  <FileSet Name="constrs_in" Type="Constrs" RelSrcDir="$PSRCDIR/constrs_1">
    <Filter Type="Constrs"/>
    <File Path="$PPRDIR/../../Box/SoC/Final XADC/verilog/Nexys4_DDR_chu.xdc">
      <FileInfo>
        <Attr Name="UsedIn" Val="synthesis"/>
        <Attr Name="UsedIn" Val="implementation"/>
      </FileInfo>
    </File>
    <Config>
      <Option Name="ConstrsType" Val="XDC"/>
    </Config>
  </FileSet>
  <FileSet Name="utils" Type="Utils" RelSrcDir="$PSRCDIR/utils_1">
    <Filter Type="Utils"/>
    <Config>
      <Option Name="TopAutoSet" Val="TRUE"/>
    </Config>
  </FileSet>
  <Strategy Version="1" Minor="2">
    <StratHandle Name="Vivado Implementation Defaults" Flow="Vivado Implementation 2021"/>
    <Step Id="init_design"/>
    <Step Id="opt_design"/>
    <Step Id="power_opt_design"/>
    <Step Id="place_design"/>
    <Step Id="post_place_power_opt_design"/>
    <Step Id="phys_opt_design"/>
    <Step Id="route_design"/>
    <Step Id="post_route_phys_opt_design"/>
    <Step Id="write_bitstream"/>
  </Strategy>
</GenRun>
